[{"id": "abcat0010000", "name": "Gift Ideas"}, {"id": "abcat0020004", "name": "Unique Gifts"}, {"id": "abcat0100000", "name": "TV & Home Theater"}, {"id": "abcat0101000", "name": "TVs"}, {"id": "abcat0101001", "name": "All Flat-Screen TVs"}, {"id": "abcat0101005", "name": "TV/DVD Combos"}, {"id": "abcat0102000", "name": "Blu-ray & DVD Players"}, {"id": "abcat0102003", "name": "Blu-ray Players"}, {"id": "abcat0102005", "name": "DVD Players"}, {"id": "abcat0102008", "name": "Portable DVD Players"}, {"id": "abcat0104000", "name": "Digital TV Tuners & Converters"}, {"id": "abcat0105000", "name": "TV & Internet Service Providers"}, {"id": "abcat0106000", "name": "TV Stands, Mounts & Furniture"}, {"id": "abcat0106001", "name": "TV Stands"}, {"id": "abcat0106002", "name": "Speaker Stands"}, {"id": "abcat0106004", "name": "TV Mounts"}, {"id": "abcat0106007", "name": "Speaker Wall Mounts"}, {"id": "abcat0106008", "name": "A/V Component Racks & Shelving"}, {"id": "abcat0106009", "name": "Home Theater Seating"}, {"id": "abcat0106010", "name": "CD & DVD Media Storage"}, {"id": "abcat0106011", "name": "Portable CD & DVD Storage"}, {"id": "abcat0106015", "name": "Media Cabinets"}, {"id": "abcat0106021", "name": "Gaming Chairs"}, {"id": "abcat0107000", "name": "TV & Home Theater Accessories"}, {"id": "abcat0107004", "name": "TV Antennas"}, {"id": "abcat0107015", "name": "A/V Cables & Connectors"}, {"id": "abcat0107017", "name": "Coax A/V Cables"}, {"id": "abcat0107018", "name": "Component Video Cables"}, {"id": "abcat0107019", "name": "Composite Video Cables"}, {"id": "abcat0107020", "name": "HDMI Cables"}, {"id": "abcat0107022", "name": "S-Video Cables"}, {"id": "abcat0107031", "name": "Speaker Cables & Wire"}, {"id": "abcat0107032", "name": "Speaker Selector Switches"}, {"id": "abcat0107033", "name": "Subwoofer Cables"}, {"id": "abcat0107034", "name": "TV & Media Cleaning & Care"}, {"id": "abcat0107035", "name": "CD & DVD Cleaners & Repairers"}, {"id": "abcat0107036", "name": "TV Screen Protectors & Cleaners"}, {"id": "abcat0107038", "name": "VCR Cleaners"}, {"id": "abcat0107039", "name": "Remote Controls"}, {"id": "abcat0107040", "name": "Universal Remote Controls"}, {"id": "abcat0107045", "name": "A/V Surge Protectors & Power"}, {"id": "abcat0200000", "name": "Audio"}, {"id": "abcat0201000", "name": "iPod & MP3 Players"}, {"id": "abcat0201009", "name": "iPods"}, {"id": "abcat0201010", "name": "MP3 Players"}, {"id": "abcat0201011", "name": "All iPod & MP3 Players"}, {"id": "abcat0202001", "name": "CD Players & Recorders"}, {"id": "abcat0202002", "name": "Stereo Shelf Systems"}, {"id": "abcat0202003", "name": "Receivers"}, {"id": "abcat0202004", "name": "Amplifiers"}, {"id": "abcat0202007", "name": "Turntables & Accessories"}, {"id": "abcat0203000", "name": "Home Theater Systems"}, {"id": "abcat0204000", "name": "Headphones"}, {"id": "abcat0205000", "name": "Speakers"}, {"id": "abcat0205001", "name": "Bookshelf Speakers"}, {"id": "abcat0205002", "name": "Center-Channel Speakers"}, {"id": "abcat0205003", "name": "Floor Speakers"}, {"id": "abcat0205004", "name": "Speaker Systems"}, {"id": "abcat0205005", "name": "In-Wall Speakers"}, {"id": "abcat0205006", "name": "Outdoor Speakers"}, {"id": "abcat0205007", "name": "Sound Bars"}, {"id": "abcat0205008", "name": "Subwoofer Speakers"}, {"id": "abcat0206001", "name": "Boomboxes"}, {"id": "abcat0206002", "name": "CD & Cassette Players"}, {"id": "abcat0206003", "name": "Alarm Clock Radios"}, {"id": "abcat0206005", "name": "Emergency Radios"}, {"id": "abcat0206006", "name": "Portable Radios"}, {"id": "abcat0207000", "name": "Musical Instruments"}, {"id": "abcat0207005", "name": "Karaoke"}, {"id": "abcat0208000", "name": "Home Audio Accessories"}, {"id": "abcat0208002", "name": "Alkaline Batteries"}, {"id": "abcat0208003", "name": "Lithium Batteries"}, {"id": "abcat0208005", "name": "Rechargeable Batteries"}, {"id": "abcat0208006", "name": "Specialty Batteries"}, {"id": "abcat0208007", "name": "iPod & MP3 Player Accessories"}, {"id": "abcat0208008", "name": "Cases & Armbands"}, {"id": "abcat0208009", "name": "Cables & Chargers"}, {"id": "abcat0208015", "name": "Speaker Accessories"}, {"id": "abcat0208016", "name": "In-Wall Speaker Accessories"}, {"id": "abcat0208024", "name": "Musical Instrument Accessories"}, {"id": "abcat0208031", "name": "FM Transmitters"}, {"id": "abcat0300000", "name": "Car Electronics & GPS"}, {"id": "abcat0301000", "name": "GPS Navigation & Accessories"}, {"id": "abcat0301002", "name": "In-Dash with GPS"}, {"id": "abcat0301005", "name": "Marine GPS & Fishfinders"}, {"id": "abcat0301006", "name": "Fitness & GPS Watches"}, {"id": "abcat0301014", "name": "Portable GPS"}, {"id": "abcat0302000", "name": "Car Audio"}, {"id": "abcat0302001", "name": "Car Amplifiers"}, {"id": "abcat0302002", "name": "2-Channel Amps"}, {"id": "abcat0302003", "name": "Mono Subwoofer Amps"}, {"id": "abcat0302004", "name": "Multi-Channel Amps"}, {"id": "abcat0302005", "name": "Car Speakers"}, {"id": "abcat0302011", "name": "CB Radios & Scanners"}, {"id": "abcat0302012", "name": "Car Stereo Receivers"}, {"id": "abcat0302019", "name": "Satellite Radios"}, {"id": "abcat0302034", "name": "Car Subwoofers & Enclosures"}, {"id": "abcat0302036", "name": "Subwoofer Enclosures"}, {"id": "abcat0302037", "name": "Component Subwoofers"}, {"id": "abcat0303000", "name": "Car Video"}, {"id": "abcat0303001", "name": "In-Dash with DVD"}, {"id": "abcat0303002", "name": "Overhead DVD Players"}, {"id": "abcat0304000", "name": "Car Security & Remote Starters"}, {"id": "abcat0305000", "name": "Radar Detectors"}, {"id": "abcat0307001", "name": "GPS Accessories"}, {"id": "abcat0307011", "name": "Smartphone & iPod Car Connectors"}, {"id": "abcat0307012", "name": "FM Transmitters"}, {"id": "abcat0307013", "name": "Cassette Adapters"}, {"id": "abcat0307015", "name": "Auxiliary Input Cables"}, {"id": "abcat0307017", "name": "iPod Adapters for Aftermarket Decks"}, {"id": "abcat0307018", "name": "Smartphone & iPod Car Stereo Kits"}, {"id": "abcat0307019", "name": "Car Video Accessories"}, {"id": "abcat0307022", "name": "GPS Antennas & Cables"}, {"id": "abcat0307023", "name": "GPS Cases"}, {"id": "abcat0307024", "name": "GPS Chargers & Adapters"}, {"id": "abcat0307026", "name": "GPS Mounts & Cradles"}, {"id": "abcat0400000", "name": "Cameras & Camcorders"}, {"id": "abcat0401000", "name": "Digital Cameras"}, {"id": "abcat0401001", "name": "Point & Shoot Cameras"}, {"id": "abcat0401005", "name": "Digital SLR Cameras"}, {"id": "abcat0403000", "name": "Camcorders"}, {"id": "abcat0403004", "name": "Traditional Camcorders"}, {"id": "abcat0404000", "name": "Memory Cards"}, {"id": "abcat0404001", "name": "microSD"}, {"id": "abcat0404002", "name": "Compact Flash"}, {"id": "abcat0404004", "name": "Secure Digital (SD)"}, {"id": "abcat0404006", "name": "Memory Card Cases"}, {"id": "abcat0404007", "name": "Memory Card Readers & Adapters"}, {"id": "abcat0408000", "name": "Digital Photo Frames"}, {"id": "abcat0409000", "name": "Binoculars, Telescopes & Optics"}, {"id": "abcat0409001", "name": "Binoculars"}, {"id": "abcat0409003", "name": "Telescopes"}, {"id": "abcat0410000", "name": "Digital Camera Accessories"}, {"id": "abcat0410001", "name": "Camera Bags & Cases"}, {"id": "abcat0410012", "name": "Camera Batteries & Power"}, {"id": "abcat0410018", "name": "Camera Lenses"}, {"id": "abcat0410020", "name": "Filters"}, {"id": "abcat0410021", "name": "Lens Caps"}, {"id": "abcat0410022", "name": "Camcorder Accessories"}, {"id": "abcat0410024", "name": "Camcorder Batteries & Power"}, {"id": "abcat0410025", "name": "Blank DVDs & Tapes"}, {"id": "abcat0410045", "name": "Tripods & Monopods"}, {"id": "abcat0410047", "name": "Camera Cables"}, {"id": "abcat0410048", "name": "Remote Controls"}, {"id": "abcat0500000", "name": "Computers & Tablets"}, {"id": "abcat0501000", "name": "Desktop & All-in-One Computers"}, {"id": "abcat0501005", "name": "All-in-One Computers"}, {"id": "abcat0502000", "name": "Laptops"}, {"id": "abcat0503000", "name": "Wi-Fi & Networking"}, {"id": "abcat0503002", "name": "Wireless Routers"}, {"id": "abcat0503007", "name": "USB Wi-Fi Adapters"}, {"id": "abcat0503012", "name": "Ethernet Switches"}, {"id": "abcat0503013", "name": "Modems"}, {"id": "abcat0504001", "name": "Hard Drives & Storage"}, {"id": "abcat0504004", "name": "NAS / Personal Cloud Storage"}, {"id": "abcat0504005", "name": "Optical Drives"}, {"id": "abcat0504009", "name": "CD/DVD Duplicators"}, {"id": "abcat0504010", "name": "USB Flash Drives"}, {"id": "abcat0506000", "name": "Memory (RAM)"}, {"id": "abcat0506001", "name": "Desktop Memory"}, {"id": "abcat0506002", "name": "Laptop Memory"}, {"id": "abcat0507000", "name": "Computer Cards & Components"}, {"id": "abcat0507002", "name": "GPUs / Video Graphics Cards"}, {"id": "abcat0507003", "name": "Sound Cards"}, {"id": "abcat0507006", "name": "Computer Cases"}, {"id": "abcat0507007", "name": "Fans, Heatsinks & Cooling"}, {"id": "abcat0507008", "name": "Motherboards"}, {"id": "abcat0507009", "name": "Power Supplies"}, {"id": "abcat0507010", "name": "CPUs / Processors"}, {"id": "abcat0507011", "name": "Interface / Add-On Cards"}, {"id": "abcat0508000", "name": "Software"}, {"id": "abcat0508001", "name": "Operating Systems"}, {"id": "abcat0508003", "name": "Business & Office Software"}, {"id": "abcat0508005", "name": "Business Plan Software"}, {"id": "abcat0508009", "name": "Office Software Suites"}, {"id": "abcat0508013", "name": "Finance, Tax & Legal"}, {"id": "abcat0508014", "name": "Personal Finance Software"}, {"id": "abcat0508015", "name": "Small Business Finance & Bookkeeping Software"}, {"id": "abcat0508016", "name": "Tax Preparation Software"}, {"id": "abcat0508018", "name": "Design & Illustration"}, {"id": "abcat0508019", "name": "Fonts"}, {"id": "abcat0508023", "name": "Web Design Software"}, {"id": "abcat0508025", "name": "Photo Editing Software"}, {"id": "abcat0508026", "name": "Video Editing Software"}, {"id": "abcat0508028", "name": "Hobbies & Leisure"}, {"id": "abcat0508029", "name": "Recipe & Cookbook Software"}, {"id": "abcat0508030", "name": "Genealogy"}, {"id": "abcat0508032", "name": "Home & Landscape Design"}, {"id": "abcat0508038", "name": "Language Learning Software"}, {"id": "abcat0508041", "name": "Legal Forms Software"}, {"id": "abcat0508042", "name": "Antivirus & Security Software"}, {"id": "abcat0508045", "name": "Internet Security"}, {"id": "abcat0508048", "name": "Voice Recognition Software"}, {"id": "abcat0509000", "name": "Monitors"}, {"id": "abcat0511001", "name": "Printers, Ink & Toner"}, {"id": "abcat0511002", "name": "Inkjet Printers"}, {"id": "abcat0511003", "name": "Laser Printers"}, {"id": "abcat0511004", "name": "All-In-One Inkjet Printers"}, {"id": "abcat0511005", "name": "All-In-One Laser Printers"}, {"id": "abcat0511006", "name": "Photo Printers"}, {"id": "abcat0511007", "name": "Scanners, Faxes & Copiers"}, {"id": "abcat0511008", "name": "Flatbed Scanners"}, {"id": "abcat0511010", "name": "Sheetfed Scanners"}, {"id": "abcat0511011", "name": "Fax Machines/Copiers"}, {"id": "abcat0513000", "name": "Mice & Keyboards"}, {"id": "abcat0513001", "name": "Wireless & Bluetooth Mice"}, {"id": "abcat0513002", "name": "Wired & USB Mice"}, {"id": "abcat0513004", "name": "Computer Keyboards"}, {"id": "abcat0513005", "name": "Keyboard & Mouse Combos"}, {"id": "abcat0513006", "name": "Graphics Tablets & Digital Pens"}, {"id": "abcat0513007", "name": "Trackballs"}, {"id": "abcat0514000", "name": "Internet Services"}, {"id": "abcat0515000", "name": "Computer Accessories & Peripherals"}, {"id": "abcat0515001", "name": "Blank Discs & Labels"}, {"id": "abcat0515002", "name": "Blu-ray Discs"}, {"id": "abcat0515003", "name": "CD-R/RW"}, {"id": "abcat0515004", "name": "DVD+R/RW"}, {"id": "abcat0515005", "name": "DVD-R/RW"}, {"id": "abcat0515008", "name": "Cleaning Equipment & Kits"}, {"id": "abcat0515012", "name": "Cables & Connectors"}, {"id": "abcat0515013", "name": "USB Cables & Hubs"}, {"id": "abcat0515015", "name": "KVM Switches"}, {"id": "abcat0515016", "name": "Networking Cables"}, {"id": "abcat0515017", "name": "Printer Cables"}, {"id": "abcat0515020", "name": "PC Gaming Controllers"}, {"id": "abcat0515021", "name": "Flight Controllers"}, {"id": "abcat0515022", "name": "Game Pads"}, {"id": "abcat0515023", "name": "Joysticks"}, {"id": "abcat0515024", "name": "Driving Wheels"}, {"id": "abcat0515025", "name": "Laptop Accessories"}, {"id": "abcat0515028", "name": "Laptop Bags & Cases"}, {"id": "abcat0515031", "name": "Monitor Mounts & Stands"}, {"id": "abcat0515032", "name": "Mouse & Wrist Pads"}, {"id": "abcat0515034", "name": "Printer Accessories"}, {"id": "abcat0515039", "name": "Computer Speakers"}, {"id": "abcat0515040", "name": "Computer Headsets"}, {"id": "abcat0515041", "name": "Computer Microphones"}, {"id": "abcat0515042", "name": "Surge Protectors & Power"}, {"id": "abcat0515043", "name": "Battery Backup (UPS)"}, {"id": "abcat0515044", "name": "Surge Protectors"}, {"id": "abcat0515046", "name": "Webcams"}, {"id": "abcat0600000", "name": "Movies & Music"}, {"id": "abcat0700000", "name": "Video Games"}, {"id": "abcat0701000", "name": "Xbox 360"}, {"id": "abcat0701002", "name": "Xbox 360 Games"}, {"id": "abcat0701012", "name": "Xbox Digital"}, {"id": "abcat0703000", "name": "PlayStation 3"}, {"id": "abcat0703002", "name": "PS3 Games"}, {"id": "abcat0704000", "name": "PlayStation 2"}, {"id": "abcat0704002", "name": "PS2 Games"}, {"id": "abcat0705000", "name": "PSP"}, {"id": "abcat0705002", "name": "PSP Games"}, {"id": "abcat0706000", "name": "Wii"}, {"id": "abcat0706002", "name": "Wii Games"}, {"id": "abcat0707000", "name": "Nintendo DS"}, {"id": "abcat0707002", "name": "Nintendo DS Games"}, {"id": "abcat0711000", "name": "Game Guides"}, {"id": "abcat0712000", "name": "PC Gaming"}, {"id": "abcat0714014", "name": "App-Enabled & Remote Control Toys"}, {"id": "abcat0715000", "name": "Video Game Accessories"}, {"id": "abcat0715001", "name": "Xbox 360 Accessories"}, {"id": "abcat0715003", "name": "Xbox 360 Controllers"}, {"id": "abcat0715004", "name": "Xbox 360 Cables & Networking"}, {"id": "abcat0715007", "name": "PS3 Accessories"}, {"id": "abcat0715015", "name": "Wii Accessories"}, {"id": "abcat0715016", "name": "Nintendo DS Accessories"}, {"id": "abcat0800000", "name": "Cell Phones"}, {"id": "abcat0801002", "name": "Prepaid Phones"}, {"id": "abcat0801003", "name": "Prepaid Minutes"}, {"id": "abcat0802000", "name": "Telephones & Communication"}, {"id": "abcat0802001", "name": "Cordless Telephones"}, {"id": "abcat0802002", "name": "Corded Telephones"}, {"id": "abcat0802004", "name": "VoIP"}, {"id": "abcat0802005", "name": "Multi-Line Telephones"}, {"id": "abcat0802006", "name": "Conferencing Telephones"}, {"id": "abcat0804000", "name": "Two-Way Radios"}, {"id": "abcat0805000", "name": "Office"}, {"id": "abcat0805001", "name": "Calculators"}, {"id": "abcat0805003", "name": "Voice Recorders"}, {"id": "abcat0805005", "name": "Labelers & Accessories"}, {"id": "abcat0805006", "name": "Shredders"}, {"id": "abcat0807000", "name": "Printer Ink & Toner"}, {"id": "abcat0807001", "name": "Printer Ink"}, {"id": "abcat0807009", "name": "Toner"}, {"id": "abcat0808000", "name": "Paper"}, {"id": "abcat0808002", "name": "Business Paper"}, {"id": "abcat0808004", "name": "Labels & Stickers"}, {"id": "abcat0808005", "name": "Multipurpose Paper"}, {"id": "abcat0808006", "name": "Photo-Quality Paper"}, {"id": "abcat0809000", "name": "Office Furniture & Storage"}, {"id": "abcat0809002", "name": "Office Chairs"}, {"id": "abcat0809004", "name": "Desks"}, {"id": "abcat0811002", "name": "Cell Phone Accessories"}, {"id": "abcat0811004", "name": "Cell Phone Batteries & Power"}, {"id": "abcat0811006", "name": "Cell Phone Cases & Clips"}, {"id": "abcat0811007", "name": "Adapters, Cables & Chargers"}, {"id": "abcat0811008", "name": "Bluetooth Car Kits"}, {"id": "abcat0811011", "name": "Telephone Accessories"}, {"id": "abcat0811012", "name": "Cordless Phone Batteries"}, {"id": "abcat0811013", "name": "Cordless Phone Headsets"}, {"id": "abcat0811014", "name": "Phone Cords"}, {"id": "abcat0900000", "name": "Appliances"}, {"id": "abcat0901000", "name": "Refrigerators"}, {"id": "abcat0901001", "name": "Bottom-Freezer Refrigerators"}, {"id": "abcat0901002", "name": "Mini Fridges"}, {"id": "abcat0901003", "name": "Counter-Depth Refrigerators"}, {"id": "abcat0901004", "name": "French Door Refrigerators"}, {"id": "abcat0901005", "name": "Side-by-Side Refrigerators"}, {"id": "abcat0901006", "name": "Top-Freezer Refrigerators"}, {"id": "abcat0901007", "name": "Wine Coolers & Accessories"}, {"id": "abcat0902000", "name": "Freezers & Ice Makers"}, {"id": "abcat0902001", "name": "Chest Freezers"}, {"id": "abcat0902002", "name": "Upright Freezers"}, {"id": "abcat0902003", "name": "Ice Makers"}, {"id": "abcat0903000", "name": "Microwaves"}, {"id": "abcat0903001", "name": "Over-the-Range Microwaves"}, {"id": "abcat0903002", "name": "Compact Microwaves"}, {"id": "abcat0904000", "name": "Ranges, Cooktops & Ovens"}, {"id": "abcat0904001", "name": "Cooktops"}, {"id": "abcat0904002", "name": "Range Hoods & Downdraft Ventilation"}, {"id": "abcat0904003", "name": "Ranges"}, {"id": "abcat0904004", "name": "Wall Ovens"}, {"id": "abcat0904005", "name": "Warming Drawers"}, {"id": "abcat0905000", "name": "Dishwashers"}, {"id": "abcat0905001", "name": "Built-In Dishwashers"}, {"id": "abcat0905002", "name": "Portable & Countertop Dishwashers"}, {"id": "abcat0906001", "name": "Trash Compactors"}, {"id": "abcat0906002", "name": "Sink Garbage Disposals"}, {"id": "abcat0907001", "name": "Air Conditioners"}, {"id": "abcat0907003", "name": "In-Wall Air Conditioners"}, {"id": "abcat0907004", "name": "Portable Air Conditioners"}, {"id": "abcat0907005", "name": "Window Air Conditioners"}, {"id": "abcat0907006", "name": "Fans"}, {"id": "abcat0907007", "name": "Space Heaters"}, {"id": "abcat0908001", "name": "Air Purifiers"}, {"id": "abcat0908002", "name": "Dehumidifiers"}, {"id": "abcat0908003", "name": "Humidifiers"}, {"id": "abcat0910000", "name": "Washers & Dryers"}, {"id": "abcat0910001", "name": "Washing Machines"}, {"id": "abcat0910002", "name": "Front-Loading Washers"}, {"id": "abcat0910003", "name": "Top-Loading Washers"}, {"id": "abcat0910004", "name": "Dryers"}, {"id": "abcat0910005", "name": "Stacked Units"}, {"id": "abcat0910006", "name": "Pedestals & Organization"}, {"id": "abcat0911000", "name": "Vacuum Cleaners & Floor Care"}, {"id": "abcat0911002", "name": "Canister Vacuums"}, {"id": "abcat0911003", "name": "Commercial & Garage Vacuums"}, {"id": "abcat0911004", "name": "Handheld & Stick Vacuums"}, {"id": "abcat0911006", "name": "Upright Vacuums"}, {"id": "abcat0911007", "name": "Steam Mops"}, {"id": "abcat0911008", "name": "Carpet Cleaners"}, {"id": "abcat0912000", "name": "Small Kitchen Appliances"}, {"id": "abcat0912002", "name": "Irons"}, {"id": "abcat0912003", "name": "Sewing Machines"}, {"id": "abcat0912004", "name": "Steamers & Presses"}, {"id": "abcat0912005", "name": "Coffee Makers"}, {"id": "abcat0912006", "name": "Espresso Machines"}, {"id": "abcat0912007", "name": "Coffee Grinders & Filters"}, {"id": "abcat0912008", "name": "Coffee Pods"}, {"id": "abcat0912011", "name": "Blenders & Juicers"}, {"id": "abcat0912012", "name": "Slow Cookers, Crock Pots & Roaster Ovens"}, {"id": "abcat0912013", "name": "Air Fryers & Deep Fryers"}, {"id": "abcat0912014", "name": "Electric Griddles & Hotplates"}, {"id": "abcat0912015", "name": "Fondue Sets"}, {"id": "abcat0912016", "name": "Food Processors"}, {"id": "abcat0912017", "name": "Vacuum Sealers"}, {"id": "abcat0912018", "name": "Mixers & Mixer Accessories"}, {"id": "abcat0912019", "name": "Popcorn Makers"}, {"id": "abcat0912020", "name": "Steamers, Rice Cookers & Pressure Cookers"}, {"id": "abcat0912021", "name": "Skillets & Woks"}, {"id": "abcat0912022", "name": "Toaster & Pizza Ovens"}, {"id": "abcat0912023", "name": "Toasters"}, {"id": "abcat0912024", "name": "Waffle Makers"}, {"id": "abcat0912025", "name": "Kitchen Gadgets"}, {"id": "abcat0912027", "name": "Bread Machines"}, {"id": "abcat0913004", "name": "Safes"}, {"id": "abcat0914000", "name": "Weather Stations"}, {"id": "abcat0915000", "name": "Personal Care & Beauty"}, {"id": "abcat0915001", "name": "Spa & Relaxation"}, {"id": "abcat0915002", "name": "Bath & Foot Spas"}, {"id": "abcat0915003", "name": "Massagers & Electrotherapy Devices"}, {"id": "abcat0915004", "name": "White Noise Machines & Sleep Solutions"}, {"id": "abcat0915005", "name": "Shavers, Trimmers & Groomers"}, {"id": "abcat0915006", "name": "Men's Shavers"}, {"id": "abcat0915007", "name": "Men's Trimmers & Groomers"}, {"id": "abcat0915008", "name": "Women's Shavers & Epilators"}, {"id": "abcat0915009", "name": "Hair Care"}, {"id": "abcat0915010", "name": "Oral Care"}, {"id": "abcat0915013", "name": "Scales"}, {"id": "abcat0916000", "name": "Appliance Parts & Accessories"}, {"id": "abcat0916001", "name": "Dishwasher Accessories"}, {"id": "abcat0916002", "name": "Dryer Accessories"}, {"id": "abcat0916003", "name": "Range & Oven Accessories"}, {"id": "abcat0916004", "name": "Refrigerator Parts & Accessories"}, {"id": "abcat0916006", "name": "Refrigerator Water Filters"}, {"id": "abcat0916008", "name": "Vacuum & Floor Care Accessories"}, {"id": "abcat0916009", "name": "Cleaning Solutions"}, {"id": "abcat0916010", "name": "Vacuum & Floor Tools"}, {"id": "abcat0916011", "name": "Vacuum Bags"}, {"id": "abcat0916012", "name": "Vacuum Belts"}, {"id": "abcat0916013", "name": "Vacuum Filters"}, {"id": "abcat0916014", "name": "Washer Accessories"}, {"id": "abcat0916015", "name": "Microwave Accessories"}]